{"cameraMode":{"drawMode":0,"name":"Shaded","section":"Shading Mode"},"sceneLighting":true,"audioPlay":false,"sceneViewState":{"showFog":true,"showMaterialUpdate":false,"showSkybox":true,"showFlares":true,"showImageEffects":true,"showParticleSystems":true},"in2DMode":false,"pivot":{"x":0.23342037200927735,"y":2.418856620788574,"z":2.54947566986084},"rotation":{"x":0.15451444685459138,"y":0.8288769721984863,"z":-0.27835583686828616,"w":0.4600406587123871},"size":2.762873888015747,"orthographic":false}