{"cameraMode":{"drawMode":0,"name":"Shaded","section":"Shading Mode"},"sceneLighting":false,"audioPlay":false,"sceneViewState":{"showFog":true,"showMaterialUpdate":false,"showSkybox":false,"showFlares":true,"showImageEffects":true,"showParticleSystems":true},"in2DMode":false,"pivot":{"x":-0.5903661251068115,"y":1.0343812704086304,"z":4.319371223449707},"rotation":{"x":-0.17966611683368684,"y":0.6547039151191711,"z":-0.16439910233020783,"w":-0.7156040072441101},"size":1.524745225906372,"orthographic":false}